"id","user_id","section_id","score_data","completed_at","meta"
"11","7","2","{""trueResponses"":82,""completionRate"":96.2566844919786,""falseResponses"":98,""totalResponses"":180,""personalityProfile"":{""extroversion"":""low""}}","2026-01-30 12:58:59.234984","{""section"":""mips"",""completedAt"":""2026-01-30T12:58:56.469Z"",""totalQuestions"":180,""totalResponses"":180}"
"12","7","3","{""scores"":{""social"":0,""artistic"":0,""realistic"":0,""conventional"":""0[object Object][object Object][object Object][object Object]"",""enterprising"":0,""investigative"":0},""primaryType"":""conventional"",""totalResponses"":4}","2026-01-30 13:13:14.473541","{""section"":""riasec"",""completedAt"":""2026-01-30T13:13:13.601Z"",""totalSections"":4,""totalResponses"":4}"
"13","7","4","{""quadrants"":{""practical"":0,""analytical"":0,""relational"":0,""experimental"":""0Tener el control de la situación,Provocar cambios,Hacer que algo funcione,Usar números, estadísticas,Analizar datosEvaluar y testar teorías,Aplicar análisis y lógica,Pensar sobre las ideas,Tomar iniciativas,Visualizar rápidamente el cuadro general (el objetivo final)Materiales visuales,Experiencias,Ejercicios de análisis,Debate en grupo,Discusiones de casos orientados hacia los números y hechos¿Por qué?Descubrir,Analizar,Practicar,ResumirComprar un cocheSe preocupa con las formas, el color y la tecnología,Lo compara con otros vehículos,Se preocupa con el costo y el valor de reventa,Se preocupa con la marca del fabricante,Se preocupa con la calidad de la atención de la concesionariaMe gusta AnalizarAnalítico,Lógico,Perceptivo,DirectoManiático por los números,Frío, insensible,Calculista,Intolerante,CuadradoAnalizo los \""hechos\"" tratándolos de forma lógica y racional.Una visión analítica, lógica, racional, \""de resultados\"".Vamos a analizar,Vamos a ver el cuadro general,Vamos a conocer el resultado""},""totalResponses"":14,""dominantQuadrant"":""experimental""}","2026-01-30 13:23:02.408881","{""section"":""herrmann"",""totalSteps"":13,""completedAt"":""2026-01-30T13:23:01.504Z"",""totalResponses"":14}"
"14","7","5","{""intelligences"":{""musical"":0,""spatial"":0,""undefined"":""undefined[object Object][object Object][object Object][object Object][object Object][object Object][object Object][object Object]"",""linguistic"":0,""naturalistic"":0,""interpersonal"":0,""intrapersonal"":0,""bodilyKinesthetic"":0,""logicalMathematical"":0},""totalResponses"":8,""strongestIntelligence"":""undefined""}","2026-01-30 13:29:37.656975","{""section"":""gardner"",""completedAt"":""2026-01-30T13:29:36.805Z"",""totalResponses"":8,""totalIntelligences"":8}"
"15","7","6","{""completionRate"":100,""totalWordCount"":344,""responsesProvided"":64,""averageWordsPerResponse"":5}","2026-01-30 13:49:25.196093","{""section"":""proyectivas"",""completedAt"":""2026-01-30T13:49:23.289Z"",""totalQuestions"":64,""totalResponses"":64}"
"16","7","12","{""completed"":true,""completedAt"":""2026-01-30T15:23:24.737Z"",""responsesCount"":9}","2026-01-30 15:23:25.944736","{""completedAt"":""2026-01-30T15:23:24.737Z"",""totalResponses"":9}"
"17","10","7","{""completionRate"":100,""responsesProvided"":4}","2026-03-01 22:06:00.600101","{""section"":""autodescubrimiento"",""completedAt"":""2026-03-01T22:05:58.975Z"",""totalSections"":3,""totalResponses"":4}"
"18","10","9","{""completionRate"":100,""responsesProvided"":4}","2026-03-01 22:15:50.811478","{""section"":""estilo-vida"",""completedAt"":""2026-03-01T22:15:49.135Z"",""totalSections"":3,""totalResponses"":4}"
"19","10","10","{""completionRate"":100,""responsesProvided"":3}","2026-02-02 02:30:23.133828","{""completedAt"":""2026-02-02T02:30:21.571Z"",""totalResponses"":3}"
"20","10","11","{""completionRate"":100,""responsesProvided"":2}","2026-02-02 02:30:48.79649","{""completedAt"":""2026-02-02T02:30:47.199Z"",""totalResponses"":2}"
"21","11","9","{""completionRate"":100,""responsesProvided"":3}","2026-02-02 02:39:29.642983","{""completedAt"":""2026-02-02T02:39:27.392Z"",""totalResponses"":3}"
"22","11","10","{""completionRate"":100,""responsesProvided"":3}","2026-02-02 02:41:54.630766","{""completedAt"":""2026-02-02T02:41:52.703Z"",""totalResponses"":3}"
"23","17","2","{""trueResponses"":0,""completionRate"":95.72192513368985,""falseResponses"":179,""totalResponses"":179,""personalityProfile"":{""extroversion"":""low""}}","2026-02-05 17:40:17.68418","{""section"":""mips"",""completedAt"":""2026-02-05T17:40:16.139Z"",""totalQuestions"":180,""totalResponses"":179}"
"24","22","2","{""trueResponses"":106,""completionRate"":96.2566844919786,""falseResponses"":74,""totalResponses"":180,""personalityProfile"":{""extroversion"":""high""}}","2026-02-07 15:00:58.247531","{""section"":""mips"",""completedAt"":""2026-02-07T15:00:56.790Z"",""totalQuestions"":180,""totalResponses"":180}"
"25","22","3","{""scores"":{""social"":0,""artistic"":0,""realistic"":0,""conventional"":""0[object Object][object Object][object Object][object Object]"",""enterprising"":0,""investigative"":0},""primaryType"":""conventional"",""totalResponses"":4}","2026-02-07 15:04:05.986854","{""section"":""riasec"",""completedAt"":""2026-02-07T15:04:05.670Z"",""totalSections"":4,""totalResponses"":4}"
"26","22","4","{""quadrants"":{""practical"":0,""analytical"":0,""relational"":0,""experimental"":""0Trabajar solo,Tener el control de la situación,Oír y hablar,Prestarle atención a los detalles,Trabajar con personasVisualizar rápidamente el cuadro general (el objetivo final),Descubrir cosas nuevas,Trabajar en grupo,Orientaciones claras,CriticarTrabajos bien estructurados,Agenda bien flexible,Discusiones de casos orientados hacia los números y hechos,Agenda estructurada con antecedencia,Métodos tradicionales comprobados¿Por qué?Cuantificar,Descubrir,Agrupar,OrganizarComprar un cocheSe preocupa con las formas, el color y la tecnología,Lo compra basado en la recomendación de amigos,Se preocupa con el consumo de combustible,Verifica los equipos de seguridad y durabilidad,Lo compara con otros vehículosMe gusta AnalizarAnalítico,Organizado,Emocional,ExperimentalIngenuo,Vago,Ultrasensible,Sin disciplina,CuadradoOrganizo los \""hechos\"" tratando los detalles de forma realista y cronológica.Una visión analítica, lógica, racional, \""de resultados\"".Vayamos al punto clave del problema,Es más seguro de esta forma,Vamos a innovar y crear sinergia""},""totalResponses"":14,""dominantQuadrant"":""experimental""}","2026-02-07 15:05:18.027478","{""section"":""herrmann"",""totalSteps"":13,""completedAt"":""2026-02-07T15:05:17.494Z"",""totalResponses"":14}"
"27","22","5","{""intelligences"":{""musical"":0,""spatial"":0,""undefined"":""undefined[object Object][object Object][object Object][object Object][object Object][object Object][object Object][object Object]"",""linguistic"":0,""naturalistic"":0,""interpersonal"":0,""intrapersonal"":0,""bodilyKinesthetic"":0,""logicalMathematical"":0},""totalResponses"":8,""strongestIntelligence"":""undefined""}","2026-02-07 15:06:54.290279","{""section"":""gardner"",""completedAt"":""2026-02-07T15:06:53.833Z"",""totalResponses"":8,""totalIntelligences"":8}"
"28","22","6","{""completionRate"":100,""responsesProvided"":64}","2026-02-07 15:09:55.180752","{""section"":""proyectivas"",""completedAt"":""2026-02-07T15:09:54.584Z"",""totalQuestions"":64,""totalResponses"":64}"
"29","22","9","{""completionRate"":100,""responsesProvided"":3}","2026-02-07 15:15:19.909758","{""completedAt"":""2026-02-07T15:15:19.040Z"",""totalResponses"":3}"
"30","22","10","{""completionRate"":100,""responsesProvided"":3}","2026-02-07 15:16:26.742842","{""completedAt"":""2026-02-07T15:16:26.433Z"",""totalResponses"":3}"
"31","22","11","{""completionRate"":100,""responsesProvided"":2}","2026-02-07 15:17:02.764656","{""completedAt"":""2026-02-07T15:17:02.471Z"",""totalResponses"":2}"
"32","22","12","{""completed"":true,""completedAt"":""2026-02-07T15:17:41.427Z"",""responsesCount"":9}","2026-02-07 15:17:41.743926","{""completedAt"":""2026-02-07T15:17:41.427Z"",""totalResponses"":9}"
"33","25","7","{""completionRate"":100,""responsesProvided"":4}","2026-02-08 13:56:52.054273","{""section"":""autodescubrimiento"",""completedAt"":""2026-02-08T13:56:50.356Z"",""totalSections"":3,""totalResponses"":4}"
"34","22","7","{""completionRate"":100,""responsesProvided"":4}","2026-02-09 13:40:29.585937","{""section"":""autodescubrimiento"",""completedAt"":""2026-02-09T13:40:28.638Z"",""totalSections"":3,""totalResponses"":4}"
"35","27","2","{""trueResponses"":73,""completionRate"":96.2566844919786,""falseResponses"":107,""totalResponses"":180,""personalityProfile"":{""extroversion"":""low""}}","2026-02-09 19:02:44.576374","{""section"":""mips"",""completedAt"":""2026-02-09T19:02:41.923Z"",""totalQuestions"":180,""totalResponses"":180}"
"36","27","3","{""scores"":{""social"":0,""artistic"":0,""realistic"":0,""conventional"":""0[object Object][object Object][object Object][object Object]"",""enterprising"":0,""investigative"":0},""primaryType"":""conventional"",""totalResponses"":4}","2026-02-09 19:08:11.126348","{""section"":""riasec"",""completedAt"":""2026-02-09T19:08:10.199Z"",""totalSections"":4,""totalResponses"":4}"
"37","27","4","{""quadrants"":{""practical"":0,""analytical"":0,""relational"":0,""experimental"":""0Oportunidades para probar cosas nuevas,Trabajar con comunicación,Producir y organizar,Planificar,Expresar mis ideasRecibir informaciones paso a paso,Visualizar rápidamente el cuadro general (el objetivo final),Tomar iniciativas,Confiar en las intuiciones,Hacer experiencias prácticasMateriales visuales,Experiencias,Debates estructurados por el instructor,Ejercicios que usan la intuición,Ejercicios de análisis¿Cómo?Descubrir,Organizar,Practicar,ReflexionarComprar un cocheLe da importancia a la 'sensación' de confort del vehículo,Verifica el tamaño del baúl del coche,Verifica si se encaja en su proyecto o sueño de vida,Se preocupa con las formas, el color y la tecnología,Lo compara con otros vehículosMe gusta DescubrirEmocional,Experimental,Sentimental,ActivoNo sabe concentrarse,Habla demasiado,Ingenuo,No decide solo,De corazón blandoMiro el panorama completo y confío en lo que me dice mi instinto para encontrar la soluciónUna visión analítica, lógica, racional, \""de resultados\"".Vamos a participar y motivar,Vamos a analizar,Vayamos al punto clave del problema""},""totalResponses"":14,""dominantQuadrant"":""experimental""}","2026-02-09 20:23:43.627227","{""section"":""herrmann"",""totalSteps"":13,""completedAt"":""2026-02-09T20:23:41.673Z"",""totalResponses"":14}"
"38","27","5","{""intelligences"":{""musical"":0,""spatial"":0,""undefined"":""undefined[object Object][object Object][object Object][object Object][object Object][object Object][object Object][object Object]"",""linguistic"":0,""naturalistic"":0,""interpersonal"":0,""intrapersonal"":0,""bodilyKinesthetic"":0,""logicalMathematical"":0},""totalResponses"":8,""strongestIntelligence"":""undefined""}","2026-02-10 14:06:21.326016","{""section"":""gardner"",""completedAt"":""2026-02-10T14:06:19.621Z"",""totalResponses"":8,""totalIntelligences"":8}"
"39","28","2","{""trueResponses"":112,""completionRate"":96.2566844919786,""falseResponses"":68,""totalResponses"":180,""personalityProfile"":{""extroversion"":""high""}}","2026-02-10 21:23:51.953146","{""section"":""mips"",""completedAt"":""2026-02-10T21:23:49.097Z"",""totalQuestions"":180,""totalResponses"":180}"
"40","33","2","{""trueResponses"":90,""completionRate"":96.2566844919786,""falseResponses"":90,""totalResponses"":180,""personalityProfile"":{""extroversion"":""low""}}","2026-02-19 05:37:54.496024","{""section"":""mips"",""completedAt"":""2026-02-19T05:37:51.884Z"",""totalQuestions"":180,""totalResponses"":180}"
"41","33","3","{""scores"":{""social"":0,""artistic"":0,""realistic"":0,""conventional"":""0[object Object][object Object][object Object][object Object]"",""enterprising"":0,""investigative"":0},""primaryType"":""conventional"",""totalResponses"":4}","2026-02-19 15:24:38.057695","{""section"":""riasec"",""completedAt"":""2026-02-19T15:24:36.073Z"",""totalSections"":4,""totalResponses"":4}"
"42","33","4","{""quadrants"":{""practical"":0,""analytical"":0,""relational"":0,""experimental"":""0Tener el control de la situación,Oportunidades para probar cosas nuevas,Lidiar con el futuro,Expresar mis ideas,Analizar datosAplicar análisis y lógica,Elaborar teorías,Trabajar en grupo,Hacer experiencias prácticas,Adquirir habilidades por la prácticaMateriales visuales,Experiencias,Analizando números, datos y hechos,Agenda bien flexible,Discusiones de casos orientados hacia los números y hechos¿Por qué?Evaluar,Explorar,Cuantificar,AnalizarComprar un cocheLe da importancia a la 'sensación' de confort del vehículo,Verifica el tamaño del baúl del coche,Investiga y planea anticipadamente cómo va a utilizarlo,Analiza cómo el coche le será útil en el día a día,Quiere ver datos y estadísticas sobre el desempeñoMe gusta AnalizarExplorador,Analítico,Experimental,EvaluadorCuadrado,Calculista,Frío, insensible,Maniático por los números,Habla demasiadoOrganizo los \""hechos\"" tratando los detalles de forma realista y cronológica.Una visión analítica, lógica, racional, \""de resultados\"".Vamos a ver el cuadro general,Vamos a conocer el resultado,Vamos a analizar""},""totalResponses"":14,""dominantQuadrant"":""experimental""}","2026-02-19 15:39:46.534066","{""section"":""herrmann"",""totalSteps"":13,""completedAt"":""2026-02-19T15:39:44.794Z"",""totalResponses"":14}"
"43","33","5","{""intelligences"":{""musical"":0,""spatial"":0,""undefined"":""undefined[object Object][object Object][object Object][object Object][object Object][object Object][object Object][object Object]"",""linguistic"":0,""naturalistic"":0,""interpersonal"":0,""intrapersonal"":0,""bodilyKinesthetic"":0,""logicalMathematical"":0},""totalResponses"":8,""strongestIntelligence"":""undefined""}","2026-02-19 15:52:56.162224","{""section"":""gardner"",""completedAt"":""2026-02-19T15:52:54.532Z"",""totalResponses"":8,""totalIntelligences"":8}"
"44","33","6","{""completionRate"":100,""responsesProvided"":64}","2026-02-19 16:08:57.40964","{""section"":""proyectivas"",""completedAt"":""2026-02-19T16:08:55.335Z"",""totalQuestions"":64,""totalResponses"":64}"
"45","33","7","{""completionRate"":100,""responsesProvided"":4}","2026-02-19 16:27:23.306629","{""section"":""autodescubrimiento"",""completedAt"":""2026-02-19T16:27:21.615Z"",""totalSections"":3,""totalResponses"":4}"
"46","33","11","{""completionRate"":100,""responsesProvided"":2}","2026-02-19 16:52:10.255544","{""completedAt"":""2026-02-19T16:52:08.325Z"",""totalResponses"":2}"
"47","33","10","{""completionRate"":100,""responsesProvided"":3}","2026-02-19 17:30:02.811083","{""completedAt"":""2026-02-19T17:30:00.667Z"",""totalResponses"":3}"
"48","33","9","{""completionRate"":100,""responsesProvided"":3}","2026-02-19 17:46:40.323357","{""completedAt"":""2026-02-19T17:46:38.517Z"",""totalResponses"":3}"
"49","33","12","{""completed"":true,""completedAt"":""2026-02-19T17:48:55.951Z"",""responsesCount"":9}","2026-02-19 17:48:56.326577","{""completedAt"":""2026-02-19T17:48:55.951Z"",""totalResponses"":9}"
"50","35","2","{""trueResponses"":83,""completionRate"":96.2566844919786,""falseResponses"":97,""totalResponses"":180,""personalityProfile"":{""extroversion"":""low""}}","2026-02-23 19:47:22.751682","{""section"":""mips"",""completedAt"":""2026-02-23T19:47:19.605Z"",""totalQuestions"":180,""totalResponses"":180}"
"51","35","3","{""scores"":{""social"":0,""artistic"":0,""realistic"":0,""conventional"":""0[object Object][object Object][object Object][object Object]"",""enterprising"":0,""investigative"":0},""primaryType"":""conventional"",""totalResponses"":4}","2026-02-23 19:54:18.983152","{""section"":""riasec"",""completedAt"":""2026-02-23T19:54:17.848Z"",""totalSections"":4,""totalResponses"":4}"
"52","35","4","{""quadrants"":{""practical"":0,""analytical"":0,""relational"":0,""experimental"":""0Trabajar solo,Ser parte de un equipo,Producir y organizar,Trabajar con personas,Crear o usar recursos visualesOír y compartir ideas,Pensar sobre las ideas,Recibir informaciones paso a paso,Elaborar teorías,Trabajar en grupoMateriales visuales,Demostraciones,Clases formales,Debate en grupo,Actividades paso a paso con orden claro¿Por qué?Organizar,Sentir,Ordenar,CompartirComprar un celularLo comprás porque es el que tienen todos tus amigos o el que te recomendaron,Te preocupa cuánto le dura la batería y que no te deje a gamba,Para vos la marca es clave; dice mucho de quién sos,Te importa muchísimo el diseño, los colores y que la cámara sea pro,Te importa que a los demás les parezca un buen equipo cuando lo veanMe gusta OrganizarOrganizado,Emocional,Sentimental,LógicoFácil de convencer,Vago,Ultrasensible,No sabe concentrarse,De corazón blandoSiento los \""hechos\"" y pienso en cómo nos afecta a todos y trato de resolverlo compartiendo lo que sentimosUna visión analítica, lógica, racional, \""de resultados\"".Siempre hacemos las cosas de esta forma,Vamos a mantener la ley y el orden,Es más seguro de esta forma""},""totalResponses"":14,""dominantQuadrant"":""experimental""}","2026-02-23 20:09:54.868678","{""section"":""herrmann"",""totalSteps"":13,""completedAt"":""2026-02-23T20:09:53.042Z"",""totalResponses"":14}"
"53","35","5","{""intelligences"":{""musical"":0,""spatial"":0,""undefined"":""undefined[object Object][object Object][object Object][object Object][object Object][object Object][object Object][object Object]"",""linguistic"":0,""naturalistic"":0,""interpersonal"":0,""intrapersonal"":0,""bodilyKinesthetic"":0,""logicalMathematical"":0},""totalResponses"":8,""strongestIntelligence"":""undefined""}","2026-02-23 21:10:05.910311","{""section"":""gardner"",""completedAt"":""2026-02-23T21:10:04.349Z"",""totalResponses"":8,""totalIntelligences"":8}"
"54","35","7","{""completionRate"":100,""responsesProvided"":4}","2026-02-24 01:49:55.753339","{""section"":""autodescubrimiento"",""completedAt"":""2026-02-24T01:49:53.461Z"",""totalSections"":3,""totalResponses"":4}"
"55","10","2","{""trueResponses"":139,""completionRate"":96.2566844919786,""falseResponses"":41,""totalResponses"":180,""personalityProfile"":{""extroversion"":""high""}}","2026-03-01 21:12:56.180758","{""section"":""mips"",""completedAt"":""2026-03-01T21:12:24.547Z"",""totalQuestions"":180,""totalResponses"":180}"
"56","10","3","{""scores"":{""social"":0,""artistic"":0,""realistic"":0,""conventional"":""0[object Object][object Object][object Object][object Object]"",""enterprising"":0,""investigative"":0},""primaryType"":""conventional"",""totalResponses"":4}","2026-03-01 21:19:00.321013","{""section"":""riasec"",""completedAt"":""2026-03-01T21:18:58.636Z"",""totalSections"":4,""totalResponses"":4}"
"58","10","4","{""quadrants"":{""practical"":0,""analytical"":0,""relational"":0,""experimental"":""0Expresar mis ideas,Crear o usar recursos visuales,Provocar cambios,Aspectos técnicos,Usar números, estadísticasCriticar,Trabajar en grupo,Descubrir cosas nuevas,Orientaciones claras,Adquirir habilidades por la prácticaMétodos tradicionales comprobados,Discusiones de casos orientados hacia las personas,Discusiones de casos orientados hacia los números y hechos,Agenda bien flexible,Trabajos bien estructurados¿Quién?Conceptuar,Analizar,Practicar,SentirQuerés que 'te enamore' apenas lo veas; que tenga toda la onda,Sos de los que comparan mil modelos y miran reviews antes de decidir,Para vos la marca es clave; dice mucho de quién sos,Te encanta probar una marca o un sistema operativo que nunca usaste,Lo primero que mirás es cuánta memoria interna tiene para guardar todoMe gusta CompartirEmocional,Conceptual,Secuencial,PerceptivoIntolerante,Ingenuo,Vago,Ultrasensible,Sin disciplinaSiento los \""hechos\"" y pienso en cómo nos afecta a todos y trato de resolverlo compartiendo lo que sentimosUna visión interpersonal, emocional \""humana\"".Siempre hacemos las cosas de esta forma,Vayamos al punto clave del problema,Vamos a analizar""},""totalResponses"":12,""dominantQuadrant"":""experimental""}","2026-03-01 21:46:23.8755","{""section"":""herrmann"",""totalSteps"":13,""completedAt"":""2026-03-01T21:46:21.000Z"",""totalResponses"":12}"
"67","10","5","{""intelligences"":{""musical"":""0[object Object]"",""spatial"":""0[object Object]"",""linguistic"":""0[object Object]"",""naturalistic"":""0[object Object]"",""interpersonal"":""0[object Object]"",""intrapersonal"":""0[object Object]"",""bodilyKinesthetic"":""0[object Object]"",""logicalMathematical"":""0[object Object]""},""totalResponses"":8,""strongestIntelligence"":""naturalistic""}","2026-03-01 21:57:23.797275","{""section"":""gardner"",""completedAt"":""2026-03-01T21:57:21.583Z"",""totalResponses"":8,""totalIntelligences"":8}"
"74","25","10","{""completionRate"":100,""responsesProvided"":3}","2026-03-01 22:27:03.951894","{""section"":""vision-futuro"",""completedAt"":""2026-03-01T22:27:02.639Z"",""totalSections"":3,""totalResponses"":3}"
"75","25","6","{""completionRate"":100,""responsesProvided"":64}","2026-03-01 22:32:11.295486","{""section"":""proyectivas"",""completedAt"":""2026-03-01T22:31:58.811Z"",""totalQuestions"":64,""totalResponses"":64}"
"76","25","11","{""completionRate"":100,""responsesProvided"":2}","2026-03-01 22:33:06.102322","{""completedAt"":""2026-03-01T22:33:04.892Z"",""totalResponses"":2}"
"77","25","12","{""completed"":true,""completedAt"":""2026-03-01T22:38:16.957Z"",""responsesCount"":9}","2026-03-01 22:38:19.28307","{""section"":""universidad"",""completedAt"":""2026-03-01T22:38:16.957Z"",""totalBlocks"":5,""totalResponses"":9}"
"79","49","2","{""trueResponses"":89,""completionRate"":96.2566844919786,""falseResponses"":91,""totalResponses"":180,""personalityProfile"":{""extroversion"":""low""}}","2026-03-16 21:00:32.219341","{""section"":""mips"",""completedAt"":""2026-03-16T21:00:28.919Z"",""totalQuestions"":180,""totalResponses"":180}"
"80","49","3","{""scores"":{""social"":0,""artistic"":0,""realistic"":0,""conventional"":""0[object Object][object Object][object Object][object Object]"",""enterprising"":0,""investigative"":0},""primaryType"":""conventional"",""totalResponses"":4}","2026-03-16 21:06:09.113719","{""section"":""riasec"",""completedAt"":""2026-03-16T21:06:07.120Z"",""totalSections"":4,""totalResponses"":4}"
"81","49","4","{""quadrants"":{""practical"":0,""analytical"":0,""relational"":0,""experimental"":""0Expresar mis ideas,Hacer que algo funcione,Oportunidades para probar cosas nuevas,Aspectos técnicos,Trabajar soloEvaluar y testar teorías,Obtener y cuantificar hechos,Oír y compartir ideas,Aplicar análisis y lógica,Elaborar teoríasDebates estructurados por el instructor,Debate en grupo,Lectura de libros-textos,Métodos tradicionales comprobados,Demostraciones¿Cómo?Descubrir,Teorizar,Explorar,CompartirSos de los que comparan mil modelos y miran reviews antes de decidir,Para vos la marca es clave; dice mucho de quién sos,Buscás el último modelo que salió, lo más nuevo de lo más nuevo,Te preocupa cuánto le dura la batería y que no te deje a gamba,Buscás que el celu encaje con tus proyectos (para crear contenido, trabajar o estudiar)Me gusta DescubrirAnalítico,Lógico,Conceptual,TeóricoVago,Sin disciplina,No sabe concentrarse,Habla demasiado,UltrasensibleAnalizo los \""hechos\"" tratándolos de forma lógica y racional.Una visión analítica, lógica, racional, \""de resultados\"".Vamos a ver el cuadro general,Vamos a analizar,Vayamos al punto clave del problema""},""totalResponses"":12,""dominantQuadrant"":""experimental""}","2026-03-16 21:15:01.851817","{""section"":""herrmann"",""totalSteps"":13,""completedAt"":""2026-03-16T21:15:00.791Z"",""totalResponses"":12}"
"82","49","5","{""intelligences"":{""musical"":""0[object Object]"",""spatial"":""0[object Object]"",""linguistic"":""0[object Object]"",""naturalistic"":""0[object Object]"",""interpersonal"":""0[object Object]"",""intrapersonal"":""0[object Object]"",""bodilyKinesthetic"":""0[object Object]"",""logicalMathematical"":""0[object Object]""},""totalResponses"":8,""strongestIntelligence"":""naturalistic""}","2026-03-17 00:28:11.539065","{""section"":""gardner"",""completedAt"":""2026-03-17T00:28:09.543Z"",""totalResponses"":8,""totalIntelligences"":8}"
"83","49","6","{""completionRate"":100,""responsesProvided"":64}","2026-03-17 00:51:21.459639","{""section"":""proyectivas"",""completedAt"":""2026-03-17T00:51:19.161Z"",""totalQuestions"":64,""totalResponses"":64}"
"84","50","2","{""trueResponses"":97,""completionRate"":96.2566844919786,""falseResponses"":83,""totalResponses"":180,""personalityProfile"":{""extroversion"":""high""}}","2026-03-17 16:42:48.469757","{""section"":""mips"",""completedAt"":""2026-03-17T16:42:45.718Z"",""totalQuestions"":180,""totalResponses"":180}"
"85","50","3","{""scores"":{""social"":0,""artistic"":0,""realistic"":0,""conventional"":""0[object Object][object Object][object Object][object Object]"",""enterprising"":0,""investigative"":0},""primaryType"":""conventional"",""totalResponses"":4}","2026-03-17 16:47:16.094117","{""section"":""riasec"",""completedAt"":""2026-03-17T16:47:15.827Z"",""totalSections"":4,""totalResponses"":4}"
"86","50","4","{""quadrants"":{""practical"":0,""analytical"":0,""relational"":0,""experimental"":""0Tener el control de la situación,Expresar mis ideas,Provocar cambios,Prestarle atención a los detalles,Aspectos técnicosEvaluar y testar teorías,Obtener y cuantificar hechos,Aplicar análisis y lógica,Orientaciones claras,Adquirir habilidades por la prácticaDebates estructurados por el instructor,Clases formales,Experiencias,Ejercicios que usan la intuición,Actividades paso a paso con orden claro¿Por qué?Descubrir,Conceptuar,Practicar,ExplorarSe preocupa con el consumo de combustible,Se preocupa con las formas, el color y la tecnología,Verifica los equipos de seguridad y durabilidad,Le da importancia a la 'sensación' de confort del vehículo,Se preocupa con los requisitos técnicosMe gusta DescubrirAnalítico,Experimental,Lógico,PerceptivoQue vive en la luna,No sabe concentrarse,Habla demasiado,Loquito,VagoAnalizo los \""hechos\"" tratándolos de forma lógica y racional.Una visión analítica, lógica, racional, \""de resultados\"".Vayamos al punto clave del problema,Vamos a analizar,Vamos a innovar y crear sinergia""},""totalResponses"":12,""dominantQuadrant"":""experimental""}","2026-03-17 16:50:39.114941","{""section"":""herrmann"",""totalSteps"":13,""completedAt"":""2026-03-17T16:50:38.853Z"",""totalResponses"":12}"
"87","50","5","{""intelligences"":{""musical"":""0[object Object]"",""spatial"":""0[object Object]"",""linguistic"":""0[object Object]"",""naturalistic"":""0[object Object]"",""interpersonal"":""0[object Object]"",""intrapersonal"":""0[object Object]"",""bodilyKinesthetic"":""0[object Object]"",""logicalMathematical"":""0[object Object]""},""totalResponses"":8,""strongestIntelligence"":""naturalistic""}","2026-03-17 16:56:07.9701","{""section"":""gardner"",""completedAt"":""2026-03-17T16:56:07.092Z"",""totalResponses"":8,""totalIntelligences"":8}"
"88","50","6","{""completionRate"":100,""responsesProvided"":64}","2026-03-17 17:08:13.864569","{""section"":""proyectivas"",""completedAt"":""2026-03-17T17:08:11.936Z"",""totalQuestions"":64,""totalResponses"":64}"
"89","50","7","{""completionRate"":100,""responsesProvided"":4}","2026-03-17 18:44:36.306961","{""section"":""autodescubrimiento"",""completedAt"":""2026-03-17T18:44:34.082Z"",""totalSections"":3,""totalResponses"":4}"
"90","50","9","{""completionRate"":100,""responsesProvided"":4}","2026-03-17 19:00:02.447251","{""section"":""estilo-vida"",""completedAt"":""2026-03-17T19:00:00.046Z"",""totalSections"":3,""totalResponses"":4}"
"91","50","10","{""completionRate"":100,""responsesProvided"":3}","2026-03-17 19:16:27.049313","{""section"":""vision-futuro"",""completedAt"":""2026-03-17T19:16:25.116Z"",""totalSections"":3,""totalResponses"":3}"
"92","50","11","{""completionRate"":100,""responsesProvided"":2}","2026-03-17 20:11:20.495646","{""completedAt"":""2026-03-17T20:11:18.954Z"",""totalResponses"":2}"
"93","50","12","{""completed"":true,""completedAt"":""2026-03-17T20:12:39.116Z"",""responsesCount"":9}","2026-03-17 20:12:39.365408","{""section"":""universidad"",""completedAt"":""2026-03-17T20:12:39.116Z"",""totalBlocks"":5,""totalResponses"":9}"
"94","51","2","{""trueResponses"":71,""completionRate"":96.2566844919786,""falseResponses"":109,""totalResponses"":180,""personalityProfile"":{""extroversion"":""low""}}","2026-03-19 17:22:18.410492","{""section"":""mips"",""completedAt"":""2026-03-19T17:22:12.413Z"",""totalQuestions"":180,""totalResponses"":180}"
"95","51","3","{""scores"":{""social"":0,""artistic"":0,""realistic"":0,""conventional"":""0[object Object][object Object][object Object][object Object]"",""enterprising"":0,""investigative"":0},""primaryType"":""conventional"",""totalResponses"":4}","2026-03-19 17:30:02.402159","{""section"":""riasec"",""completedAt"":""2026-03-19T17:30:01.592Z"",""totalSections"":4,""totalResponses"":4}"
"96","54","2","{""trueResponses"":95,""completionRate"":96.2566844919786,""falseResponses"":85,""totalResponses"":180,""personalityProfile"":{""extroversion"":""high""}}","2026-03-19 17:55:03.298394","{""section"":""mips"",""completedAt"":""2026-03-19T17:55:00.323Z"",""totalQuestions"":180,""totalResponses"":180}"
"97","51","4","{""quadrants"":{""practical"":0,""analytical"":0,""relational"":0,""experimental"":""0Expresar mis ideas,Tener el control de la situación,Oír y hablar,Prestarle atención a los detalles,PlanificarOír y compartir ideas,Usar mi imaginación,Un ambiente bien informal,Verificar mi comprensión,Pensar sobre las ideasMateriales visuales,Demostraciones,Experiencias,Ejercicios que usan la intuición,Debate en grupo¿Por qué?Sentir,Reflexionar,Organizar,OrdenarLo compra basado en la recomendación de amigos,Se preocupa con las formas, el color y la tecnología,Investiga y planea anticipadamente cómo va a utilizarlo,Se preocupa con el costo y el valor de reventa,Analiza cómo el coche le será útil en el día a díaMe gusta OrganizarOrganizado,Emocional,Lógico,SentimentalExigente, esforzado,Que vive en la luna,Intolerante,Ultrasensible,No decide soloAnalizo los \""hechos\"" tratándolos de forma lógica y racional.Una visión interpersonal, emocional \""humana\"".Vamos a participar y motivar,Es más seguro de esta forma,Siempre hacemos las cosas de esta forma""},""totalResponses"":12,""dominantQuadrant"":""experimental""}","2026-03-19 18:00:24.293903","{""section"":""herrmann"",""totalSteps"":13,""completedAt"":""2026-03-19T18:00:22.733Z"",""totalResponses"":12}"
"98","56","2","{""trueResponses"":106,""completionRate"":96.2566844919786,""falseResponses"":74,""totalResponses"":180,""personalityProfile"":{""extroversion"":""high""}}","2026-03-19 18:06:19.68573","{""section"":""mips"",""completedAt"":""2026-03-19T18:06:16.954Z"",""totalQuestions"":180,""totalResponses"":180}"
"99","51","5","{""intelligences"":{""musical"":""0[object Object]"",""spatial"":""0[object Object]"",""linguistic"":""0[object Object]"",""naturalistic"":""0[object Object]"",""interpersonal"":""0[object Object]"",""intrapersonal"":""0[object Object]"",""bodilyKinesthetic"":""0[object Object]"",""logicalMathematical"":""0[object Object]""},""totalResponses"":8,""strongestIntelligence"":""naturalistic""}","2026-03-19 18:19:37.623872","{""section"":""gardner"",""completedAt"":""2026-03-19T18:19:35.614Z"",""totalResponses"":8,""totalIntelligences"":8}"
"100","56","3","{""scores"":{""social"":0,""artistic"":0,""realistic"":0,""conventional"":""0[object Object][object Object][object Object][object Object]"",""enterprising"":0,""investigative"":0},""primaryType"":""conventional"",""totalResponses"":4}","2026-03-19 18:53:52.372179","{""section"":""riasec"",""completedAt"":""2026-03-19T18:53:50.256Z"",""totalSections"":4,""totalResponses"":4}"
"101","51","6","{""completionRate"":100,""responsesProvided"":64}","2026-03-19 18:56:20.857405","{""section"":""proyectivas"",""completedAt"":""2026-03-19T18:56:19.608Z"",""totalQuestions"":64,""totalResponses"":64}"
"102","51","7","{""completionRate"":100,""responsesProvided"":4}","2026-03-19 19:39:22.945761","{""section"":""autodescubrimiento"",""completedAt"":""2026-03-19T19:39:21.992Z"",""totalSections"":3,""totalResponses"":4}"
"103","59","2","{""trueResponses"":112,""completionRate"":96.2566844919786,""falseResponses"":68,""totalResponses"":180,""personalityProfile"":{""extroversion"":""high""}}","2026-03-19 20:07:31.149605","{""section"":""mips"",""completedAt"":""2026-03-19T20:07:30.193Z"",""totalQuestions"":180,""totalResponses"":180}"
"104","59","3","{""scores"":{""social"":0,""artistic"":0,""realistic"":0,""conventional"":""0[object Object][object Object][object Object][object Object]"",""enterprising"":0,""investigative"":0},""primaryType"":""conventional"",""totalResponses"":4}","2026-03-19 21:17:09.605862","{""section"":""riasec"",""completedAt"":""2026-03-19T21:17:08.319Z"",""totalSections"":4,""totalResponses"":4}"
"105","59","4","{""quadrants"":{""practical"":0,""analytical"":0,""relational"":0,""experimental"":""0Tener el control de la situación,Prestarle atención a los detalles,Expresar mis ideas,Trabajar con comunicación,Producir y organizarOír y compartir ideas,Verificar mi comprensión,Usar mi imaginación,Tomar iniciativas,Trabajar en grupoMateriales visuales,Debate en grupo,Analizando números, datos y hechos,Actividades paso a paso de refuerzo del contenido,Utilizando historias y música¿Por qué?Practicar,Evaluar,Descubrir,ReflexionarVerifica los equipos de seguridad y durabilidad,Le da importancia a la 'sensación' de confort del vehículo,Verifica el tamaño del baúl del coche,Se preocupa con la marca del fabricante,Analiza cómo el coche le será útil en el día a díaMe gusta CompartirActivo,Directo,Analítico,OrganizadoManiático por los números,Exigente, esforzado,No sabe concentrarse,Habla demasiado,Fácil de convencerAnalizo los \""hechos\"" tratándolos de forma lógica y racional.Una visión organizada, detallada, \""cronológica\"".Vamos a analizar,Es más seguro de esta forma,Vamos a conocer el resultado""},""totalResponses"":12,""dominantQuadrant"":""experimental""}","2026-03-19 21:24:21.652022","{""section"":""herrmann"",""totalSteps"":13,""completedAt"":""2026-03-19T21:24:20.651Z"",""totalResponses"":12}"
"106","59","5","{""intelligences"":{""musical"":""0[object Object]"",""spatial"":""0[object Object]"",""linguistic"":""0[object Object]"",""naturalistic"":""0[object Object]"",""interpersonal"":""0[object Object]"",""intrapersonal"":""0[object Object]"",""bodilyKinesthetic"":""0[object Object]"",""logicalMathematical"":""0[object Object]""},""totalResponses"":8,""strongestIntelligence"":""naturalistic""}","2026-03-19 21:35:28.059862","{""section"":""gardner"",""completedAt"":""2026-03-19T21:35:26.281Z"",""totalResponses"":8,""totalIntelligences"":8}"
"107","59","6","{""completionRate"":100,""responsesProvided"":64}","2026-03-19 22:22:25.199313","{""section"":""proyectivas"",""completedAt"":""2026-03-19T22:22:22.759Z"",""totalQuestions"":64,""totalResponses"":64}"
"108","59","7","{""completionRate"":100,""responsesProvided"":4}","2026-03-19 22:49:21.225363","{""section"":""autodescubrimiento"",""completedAt"":""2026-03-19T22:49:19.244Z"",""totalSections"":3,""totalResponses"":4}"
"109","60","2","{""trueResponses"":84,""completionRate"":96.2566844919786,""falseResponses"":96,""totalResponses"":180,""personalityProfile"":{""extroversion"":""low""}}","2026-03-19 23:14:47.509409","{""section"":""mips"",""completedAt"":""2026-03-19T23:14:44.692Z"",""totalQuestions"":180,""totalResponses"":180}"
"110","60","3","{""scores"":{""social"":0,""artistic"":0,""realistic"":0,""conventional"":""0[object Object][object Object][object Object][object Object]"",""enterprising"":0,""investigative"":0},""primaryType"":""conventional"",""totalResponses"":4}","2026-03-19 23:22:03.66099","{""section"":""riasec"",""completedAt"":""2026-03-19T23:22:02.705Z"",""totalSections"":4,""totalResponses"":4}"
"111","60","4","{""quadrants"":{""practical"":0,""analytical"":0,""relational"":0,""experimental"":""0Tener el control de la situación,Expresar mis ideas,Usar números, estadísticas,Analizar datos,Realizar las tareas siempre en el plazo previstoAdquirir habilidades por la práctica,Recibir informaciones paso a paso,Elaborar teorías,Oír y compartir ideas,Verificar mi comprensiónDemostraciones,Clases formales,Ejercicios de análisis,Actividades paso a paso con orden claro,Analizando números, datos y hechos¿Por qué?Practicar,Analizar,Descubrir,OrdenarLo comprás porque es el que tienen todos tus amigos o el que te recomendaron,Te preocupa cuánto le dura la batería y que no te deje a gamba,Lo primero que mirás es cuánta memoria interna tiene para guardar todo,Buscás que el celu encaje con tus proyectos (para crear contenido, trabajar o estudiar),Le das importancia a que sea cómodo en la mano y se sienta bien al usarloMe gusta OrganizarOrganizado,Sentimental,Analítico,PreparadoUltrasensible,Sin imaginación,Frío, insensible,No decide solo,Habla demasiadoAnalizo los \""hechos\"" tratándolos de forma lógica y racional.Una visión interpersonal, emocional \""humana\"".Vayamos al punto clave del problema,Vamos a analizar,Es más seguro de esta forma""},""totalResponses"":12,""dominantQuadrant"":""experimental""}","2026-03-19 23:32:00.909371","{""section"":""herrmann"",""totalSteps"":13,""completedAt"":""2026-03-19T23:31:59.621Z"",""totalResponses"":12}"
"112","60","5","{""intelligences"":{""musical"":""0[object Object]"",""spatial"":""0[object Object]"",""linguistic"":""0[object Object]"",""naturalistic"":""0[object Object]"",""interpersonal"":""0[object Object]"",""intrapersonal"":""0[object Object]"",""bodilyKinesthetic"":""0[object Object]"",""logicalMathematical"":""0[object Object]""},""totalResponses"":8,""strongestIntelligence"":""naturalistic""}","2026-03-19 23:42:57.923794","{""section"":""gardner"",""completedAt"":""2026-03-19T23:42:56.868Z"",""totalResponses"":8,""totalIntelligences"":8}"
"113","60","6","{""completionRate"":100,""responsesProvided"":64}","2026-03-20 00:10:28.888205","{""section"":""proyectivas"",""completedAt"":""2026-03-20T00:10:26.211Z"",""totalQuestions"":64,""totalResponses"":64}"
"114","61","2","{""trueResponses"":100,""completionRate"":96.2566844919786,""falseResponses"":80,""totalResponses"":180,""personalityProfile"":{""extroversion"":""high""}}","2026-03-20 00:15:12.399585","{""section"":""mips"",""completedAt"":""2026-03-20T00:15:10.851Z"",""totalQuestions"":180,""totalResponses"":180}"
"115","61","3","{""scores"":{""social"":0,""artistic"":0,""realistic"":0,""conventional"":""0[object Object][object Object][object Object][object Object]"",""enterprising"":0,""investigative"":0},""primaryType"":""conventional"",""totalResponses"":4}","2026-03-20 00:35:57.028562","{""section"":""riasec"",""completedAt"":""2026-03-20T00:35:55.307Z"",""totalSections"":4,""totalResponses"":4}"
"116","60","7","{""completionRate"":100,""responsesProvided"":4}","2026-03-20 00:39:48.534038","{""section"":""autodescubrimiento"",""completedAt"":""2026-03-20T00:39:48.189Z"",""totalSections"":3,""totalResponses"":4}"
"117","60","9","{""completionRate"":100,""responsesProvided"":4}","2026-03-20 00:59:27.788593","{""section"":""estilo-vida"",""completedAt"":""2026-03-20T00:59:26.250Z"",""totalSections"":3,""totalResponses"":4}"
"118","61","4","{""quadrants"":{""practical"":0,""analytical"":0,""relational"":0,""experimental"":""0Arriesgarse,Ser parte de un equipo,Realizar las tareas siempre en el plazo previsto,Hacer que algo funcione,Expresar mis ideasDescubrir cosas nuevas,Adquirir habilidades por la práctica,Tomar iniciativas,Hacer experiencias prácticas,Obtener y cuantificar hechosActividades paso a paso con orden claro,Debate en grupo,Demostraciones,Clases formales,Experiencias¿Cómo?Explorar,Practicar,Organizar,CompartirLe da importancia a la 'sensación' de confort del vehículo,Analiza cómo el coche le será útil en el día a día,Se preocupa con el costo y el valor de reventa,Verifica si se encaja en su proyecto o sueño de vida,Se preocupa con el consumo de combustibleMe gusta DescubrirExplorador,Activo,Directo,LógicoVago,Loquito,No decide solo,Cuadrado,UltrasensibleAnalizo los \""hechos\"" tratándolos de forma lógica y racional.Una visión analítica, lógica, racional, \""de resultados\"".Vayamos al punto clave del problema,Es más seguro de esta forma,Vamos a conocer el resultado""},""totalResponses"":12,""dominantQuadrant"":""experimental""}","2026-03-20 01:12:48.019218","{""section"":""herrmann"",""totalSteps"":13,""completedAt"":""2026-03-20T01:12:46.542Z"",""totalResponses"":12}"
"119","61","5","{""intelligences"":{""musical"":""0[object Object]"",""spatial"":""0[object Object]"",""linguistic"":""0[object Object]"",""naturalistic"":""0[object Object]"",""interpersonal"":""0[object Object]"",""intrapersonal"":""0[object Object]"",""bodilyKinesthetic"":""0[object Object]"",""logicalMathematical"":""0[object Object]""},""totalResponses"":8,""strongestIntelligence"":""naturalistic""}","2026-03-20 01:24:26.364456","{""section"":""gardner"",""completedAt"":""2026-03-20T01:24:24.923Z"",""totalResponses"":8,""totalIntelligences"":8}"
"120","60","10","{""completionRate"":100,""responsesProvided"":3}","2026-03-20 01:32:22.868609","{""section"":""vision-futuro"",""completedAt"":""2026-03-20T01:32:21.641Z"",""totalSections"":3,""totalResponses"":3}"
"121","60","11","{""completionRate"":100,""responsesProvided"":2}","2026-03-20 01:39:32.531089","{""completedAt"":""2026-03-20T01:39:31.657Z"",""totalResponses"":2}"
"122","61","6","{""completionRate"":100,""responsesProvided"":64}","2026-03-20 01:41:05.562396","{""section"":""proyectivas"",""completedAt"":""2026-03-20T01:41:05.015Z"",""totalQuestions"":64,""totalResponses"":64}"
"123","60","12","{""completed"":true,""completedAt"":""2026-03-20T01:42:00.291Z"",""responsesCount"":9}","2026-03-20 01:42:00.61293","{""section"":""universidad"",""completedAt"":""2026-03-20T01:42:00.291Z"",""totalBlocks"":5,""totalResponses"":9}"
"124","61","7","{""completionRate"":100,""responsesProvided"":4}","2026-03-20 02:03:14.70201","{""section"":""autodescubrimiento"",""completedAt"":""2026-03-20T02:03:12.559Z"",""totalSections"":3,""totalResponses"":4}"
"125","61","9","{""completionRate"":100,""responsesProvided"":4}","2026-03-20 02:15:45.199856","{""section"":""estilo-vida"",""completedAt"":""2026-03-20T02:15:43.610Z"",""totalSections"":3,""totalResponses"":4}"
"126","61","10","{""completionRate"":100,""responsesProvided"":3}","2026-03-20 02:32:42.161475","{""section"":""vision-futuro"",""completedAt"":""2026-03-20T02:32:40.793Z"",""totalSections"":3,""totalResponses"":3}"
"127","61","11","{""completionRate"":100,""responsesProvided"":2}","2026-03-20 02:42:00.033301","{""completedAt"":""2026-03-20T02:41:58.691Z"",""totalResponses"":2}"
"128","61","12","{""completed"":true,""completedAt"":""2026-03-20T02:44:13.467Z"",""responsesCount"":9}","2026-03-20 02:44:14.157278","{""section"":""universidad"",""completedAt"":""2026-03-20T02:44:13.467Z"",""totalBlocks"":5,""totalResponses"":9}"
"129","56","4","{""quadrants"":{""practical"":0,""analytical"":0,""relational"":0,""experimental"":""0Trabajar solo,Expresar mis ideas,Tener el control de la situación,Crear o usar recursos visuales,Oportunidades para probar cosas nuevasVerificar mi comprensión,Recibir informaciones paso a paso,Descubrir cosas nuevas,Criticar,Usar mi imaginaciónDebates estructurados por el instructor,Experiencias,Utilizando historias y música,Lectura de libros-textos,Actividades paso a paso de refuerzo del contenido¿Por qué?Conceptuar,Practicar,Analizar,ReflexionarBuscás el último modelo que salió, lo más nuevo de lo más nuevo,Querés que 'te enamore' apenas lo veas; que tenga toda la onda,Lo primero que mirás es cuánta memoria interna tiene para guardar todo,Te preocupa cuánto le dura la batería y que no te deje a gamba,Buscás que sea resistente (que si se te cae, no se haga mil pedazos)Me gusta AnalizarEmocional,Sentimental,Directo,LógicoIntolerante,No se junta a los otros,Exigente, esforzado,Vago,UltrasensibleAnalizo los \""hechos\"" tratándolos de forma lógica y racional.Una visión intuitiva, conceptual, visual, de \""contexto general\"".Vamos a ver el cuadro general,Vamos a participar y motivar,Veamos los valores humanos""},""totalResponses"":12,""dominantQuadrant"":""experimental""}","2026-03-20 10:40:07.625554","{""section"":""herrmann"",""totalSteps"":13,""completedAt"":""2026-03-20T10:40:05.959Z"",""totalResponses"":12}"
"130","56","5","{""intelligences"":{""musical"":""0[object Object]"",""spatial"":""0[object Object]"",""linguistic"":""0[object Object]"",""naturalistic"":""0[object Object]"",""interpersonal"":""0[object Object]"",""intrapersonal"":""0[object Object]"",""bodilyKinesthetic"":""0[object Object]"",""logicalMathematical"":""0[object Object]""},""totalResponses"":8,""strongestIntelligence"":""naturalistic""}","2026-03-20 13:38:23.038464","{""section"":""gardner"",""completedAt"":""2026-03-20T13:38:20.811Z"",""totalResponses"":8,""totalIntelligences"":8}"
"131","56","6","{""completionRate"":100,""responsesProvided"":64}","2026-03-20 14:01:13.815451","{""section"":""proyectivas"",""completedAt"":""2026-03-20T14:00:44.487Z"",""totalQuestions"":64,""totalResponses"":64}"
"132","56","7","{""completionRate"":100,""responsesProvided"":4}","2026-03-20 17:22:19.394339","{""section"":""autodescubrimiento"",""completedAt"":""2026-03-20T17:22:17.064Z"",""totalSections"":3,""totalResponses"":4}"
"133","56","9","{""completionRate"":100,""responsesProvided"":4}","2026-03-20 18:04:39.95945","{""section"":""estilo-vida"",""completedAt"":""2026-03-20T18:04:38.057Z"",""totalSections"":3,""totalResponses"":4}"
"134","56","10","{""completionRate"":100,""responsesProvided"":3}","2026-03-20 18:29:03.763526","{""section"":""vision-futuro"",""completedAt"":""2026-03-20T18:29:01.891Z"",""totalSections"":3,""totalResponses"":3}"
"135","56","11","{""completionRate"":100,""responsesProvided"":2}","2026-03-20 18:36:27.34541","{""completedAt"":""2026-03-20T18:36:26.487Z"",""totalResponses"":2}"
"136","56","12","{""completed"":true,""completedAt"":""2026-03-20T18:39:27.861Z"",""responsesCount"":9}","2026-03-20 18:39:28.148046","{""section"":""universidad"",""completedAt"":""2026-03-20T18:39:27.861Z"",""totalBlocks"":5,""totalResponses"":9}"
"137","69","2","{""trueResponses"":138,""completionRate"":96.2566844919786,""falseResponses"":42,""totalResponses"":180,""personalityProfile"":{""extroversion"":""high""}}","2026-03-21 02:46:17.048704","{""section"":""mips"",""completedAt"":""2026-03-21T02:46:12.386Z"",""totalQuestions"":180,""totalResponses"":180}"
"138","69","3","{""scores"":{""social"":0,""artistic"":0,""realistic"":0,""conventional"":""0[object Object][object Object][object Object][object Object]"",""enterprising"":0,""investigative"":0},""primaryType"":""conventional"",""totalResponses"":4}","2026-03-21 02:53:32.437577","{""section"":""riasec"",""completedAt"":""2026-03-21T02:53:29.155Z"",""totalSections"":4,""totalResponses"":4}"
"139","69","4","{""quadrants"":{""practical"":0,""analytical"":0,""relational"":0,""experimental"":""0Expresar mis ideas,Prestarle atención a los detalles,Trabajar con personas,Ser parte de un equipo,ArriesgarseOír y compartir ideas,Usar mi imaginación,Aplicar análisis y lógica,Adquirir habilidades por la práctica,Tomar iniciativasExperiencias,Demostraciones,Debate en grupo,Ejemplos con metáforas,Utilizando historias y música¿Cómo?Descubrir,Sentir,Reflexionar,CompartirVerifica si se encaja en su proyecto o sueño de vida,Se preocupa con el costo y el valor de reventa,Quiere 'amar' al coche,Se preocupa con el consumo de combustible,Se preocupa con las formas, el color y la tecnologíaMe gusta DescubrirExperimental,Lógico,Sentimental,ActivoExigente, esforzado,Que vive en la luna,No sabe concentrarse,No se junta a los otros,CuadradoSiento los \""hechos\"" y pienso en cómo nos afecta a todos y trato de resolverlo compartiendo lo que sentimosUna visión interpersonal, emocional \""humana\"".Vayamos al punto clave del problema,Vamos a ver el cuadro general,Vamos a innovar y crear sinergia""},""totalResponses"":12,""dominantQuadrant"":""experimental""}","2026-03-21 03:11:35.725693","{""section"":""herrmann"",""totalSteps"":13,""completedAt"":""2026-03-21T03:11:33.097Z"",""totalResponses"":12}"
"140","69","5","{""intelligences"":{""musical"":""0[object Object]"",""spatial"":""0[object Object]"",""linguistic"":""0[object Object]"",""naturalistic"":""0[object Object]"",""interpersonal"":""0[object Object]"",""intrapersonal"":""0[object Object]"",""bodilyKinesthetic"":""0[object Object]"",""logicalMathematical"":""0[object Object]""},""totalResponses"":8,""strongestIntelligence"":""naturalistic""}","2026-03-22 01:23:44.064842","{""section"":""gardner"",""completedAt"":""2026-03-22T01:23:39.298Z"",""totalResponses"":8,""totalIntelligences"":8}"
"141","72","2","{""trueResponses"":95,""completionRate"":96.2566844919786,""falseResponses"":85,""totalResponses"":180,""personalityProfile"":{""extroversion"":""high""}}","2026-03-22 01:25:18.597267","{""section"":""mips"",""completedAt"":""2026-03-22T01:25:16.675Z"",""totalQuestions"":180,""totalResponses"":180}"
"142","72","12","{""completed"":true,""completedAt"":""2026-03-22T01:27:55.611Z"",""responsesCount"":9}","2026-03-22 01:27:56.304471","{""section"":""universidad"",""completedAt"":""2026-03-22T01:27:55.611Z"",""totalBlocks"":5,""totalResponses"":9}"
"143","72","3","{""scores"":{""social"":0,""artistic"":0,""realistic"":0,""conventional"":""0[object Object][object Object][object Object][object Object]"",""enterprising"":0,""investigative"":0},""primaryType"":""conventional"",""totalResponses"":4}","2026-03-22 01:33:22.649336","{""section"":""riasec"",""completedAt"":""2026-03-22T01:33:21.425Z"",""totalSections"":4,""totalResponses"":4}"
"144","72","11","{""completionRate"":100,""responsesProvided"":2}","2026-03-22 01:42:32.22569","{""completedAt"":""2026-03-22T01:42:30.917Z"",""totalResponses"":2}"
"145","69","6","{""completionRate"":100,""responsesProvided"":64}","2026-03-22 01:48:20.639951","{""section"":""proyectivas"",""completedAt"":""2026-03-22T01:48:16.966Z"",""totalQuestions"":64,""totalResponses"":64}"
"146","72","4","{""quadrants"":{""practical"":0,""analytical"":0,""relational"":0,""experimental"":""0Tener el control de la situación,Prestarle atención a los detalles,Trabajar con personas,Ser parte de un equipo,Producir y organizarVisualizar rápidamente el cuadro general (el objetivo final),Adquirir habilidades por la práctica,Confiar en las intuiciones,Hacer experiencias prácticas,Usar mi imaginaciónExperiencias,Agenda bien flexible,Actividades paso a paso con orden claro,Utilizando historias y música,Materiales visuales¿Cómo?Organizar,Ordenar,Practicar,DescubrirTe importa muchísimo el diseño, los colores y que la cámara sea pro,Le das importancia a que sea cómodo en la mano y se sienta bien al usarlo,Analizás qué tan útil te va a ser para lo que hacés todos los días (gaming, redes, etc.),Lo primero que mirás es cuánta memoria interna tiene para guardar todo,Buscás que el celu encaje con tus proyectos (para crear contenido, trabajar o estudiar)Me gusta OrganizarOrganizado,Sentimental,Analítico,EmocionalVago,No sabe concentrarse,Que vive en la luna,Cuadrado,No decide soloOrganizo los \""hechos\"" tratando los detalles de forma realista y cronológica.Una visión organizada, detallada, \""cronológica\"".Vamos a ver el cuadro general,Vamos a ver el desarrollo del equipo,Es más seguro de esta forma""},""totalResponses"":12,""dominantQuadrant"":""experimental""}","2026-03-22 01:57:05.933074","{""section"":""herrmann"",""totalSteps"":13,""completedAt"":""2026-03-22T01:57:05.425Z"",""totalResponses"":12}"
"147","72","5","{""intelligences"":{""musical"":""0[object Object]"",""spatial"":""0[object Object]"",""linguistic"":""0[object Object]"",""naturalistic"":""0[object Object]"",""interpersonal"":""0[object Object]"",""intrapersonal"":""0[object Object]"",""bodilyKinesthetic"":""0[object Object]"",""logicalMathematical"":""0[object Object]""},""totalResponses"":8,""strongestIntelligence"":""naturalistic""}","2026-03-22 02:06:44.63911","{""section"":""gardner"",""completedAt"":""2026-03-22T02:06:43.430Z"",""totalResponses"":8,""totalIntelligences"":8}"
"148","72","10","{""completionRate"":100,""responsesProvided"":3}","2026-03-22 02:27:18.438865","{""section"":""vision-futuro"",""completedAt"":""2026-03-22T02:27:16.442Z"",""totalSections"":3,""totalResponses"":3}"
"149","72","7","{""completionRate"":100,""responsesProvided"":4}","2026-03-22 02:43:08.964392","{""section"":""autodescubrimiento"",""completedAt"":""2026-03-22T02:43:07.353Z"",""totalSections"":3,""totalResponses"":4}"
"150","72","9","{""completionRate"":100,""responsesProvided"":4}","2026-03-22 02:50:37.94995","{""section"":""estilo-vida"",""completedAt"":""2026-03-22T02:50:36.390Z"",""totalSections"":3,""totalResponses"":4}"
"151","72","6","{""completionRate"":100,""responsesProvided"":64}","2026-03-22 03:03:57.797657","{""section"":""proyectivas"",""completedAt"":""2026-03-22T03:03:55.707Z"",""totalQuestions"":64,""totalResponses"":64}"
"152","49","7","{""completionRate"":100,""responsesProvided"":4}","2026-03-24 23:00:43.081722","{""section"":""autodescubrimiento"",""completedAt"":""2026-03-24T23:00:41.199Z"",""totalSections"":3,""totalResponses"":4}"
"153","49","9","{""completionRate"":100,""responsesProvided"":4}","2026-03-24 23:21:29.850156","{""section"":""estilo-vida"",""completedAt"":""2026-03-24T23:21:28.101Z"",""totalSections"":3,""totalResponses"":4}"
"154","49","11","{""completionRate"":100,""responsesProvided"":2}","2026-03-25 00:18:12.08321","{""completedAt"":""2026-03-25T00:18:11.169Z"",""totalResponses"":2}"
"155","49","10","{""completionRate"":100,""responsesProvided"":3}","2026-03-25 23:26:09.986976","{""section"":""vision-futuro"",""completedAt"":""2026-03-25T23:26:07.894Z"",""totalSections"":3,""totalResponses"":3}"
"156","49","12","{""completed"":true,""completedAt"":""2026-03-25T23:28:27.071Z"",""responsesCount"":9}","2026-03-25 23:28:27.359827","{""section"":""universidad"",""completedAt"":""2026-03-25T23:28:27.071Z"",""totalBlocks"":5,""totalResponses"":9}"